min_leaf,depth,threshold,f1
15,6,0.7749999999999999,0.6112676056338027
