n_estimators,depth,threshold,f1
130,7,0.5999999999999999,0.6458583433373348
