n_estimators,depth,threshold,f1
110,8,0.32499999999999996,0.6564885496183205
